,Trial 1,Trial 2,Trial 3,Trial 4,Trial 5,Trial 6,Trial 7,Trial 8,Trial 9,Trial 10,Trial 11,Trial 12,Trial 13,Trial 14,Trial 15,Trial 16,Trial 17,Trial 18,Trial 19,Trial 20
Run 0,16.248841525671576,16.248841525671576,16.248841525671576,16.248841525671576,16.248841525671576,16.248841525671576,16.248841525671576,16.248841525671576,16.248841525671576,16.248841525671576,16.248841525671576,16.248841525671576,16.248841525671576,16.248841525671576,16.248841525671576,16.248841525671576,16.248841525671576,16.248841525671576,16.248841525671576,16.248841525671576
Run 1,16.248841525671576,16.248841525671576,16.248841525671576,16.248841525671576,16.248841525671576,16.248841525671576,16.248841525671576,16.248841525671576,16.248841525671576,16.248841525671576,16.248841525671576,16.248841525671576,16.248841525671576,16.248841525671576,16.248841525671576,16.248841525671576,16.248841525671576,16.248841525671576,16.248841525671576,16.248841525671576
Run 2,16.248841525671576,16.248841525671576,16.248841525671576,16.248841525671576,16.248841525671576,16.248841525671576,16.248841525671576,16.248841525671576,16.248841525671576,16.248841525671576,16.248841525671576,16.248841525671576,16.248841525671576,16.248841525671576,16.248841525671576,16.248841525671576,16.248841525671576,16.248841525671576,16.248841525671576,16.248841525671576
Run 3,16.248841525671576,16.248841525671576,16.248841525671576,16.248841525671576,16.248841525671576,16.248841525671576,15.705511383914477,15.705511383914477,15.705511383914477,15.705511383914477,15.705511383914477,15.705511383914477,15.705511383914477,15.705511383914477,15.705511383914477,15.705511383914477,15.705511383914477,15.705511383914477,15.705511383914477,15.705511383914477
Run 4,16.248841525671576,16.248841525671576,15.973012412167463,15.973012412167463,15.973012412167463,15.973012412167463,15.973012412167463,15.973012412167463,15.973012412167463,15.973012412167463,15.973012412167463,15.973012412167463,15.973012412167463,11.176488486152165,11.176488486152165,11.176488486152165,10.85843402840045,10.131993523403708,10.131993523403708,10.131993523403708
