,Trial 1,Trial 2,Trial 3,Trial 4,Trial 5,Trial 6,Trial 7,Trial 8,Trial 9,Trial 10,Trial 11,Trial 12,Trial 13,Trial 14,Trial 15,Trial 16,Trial 17,Trial 18,Trial 19,Trial 20
Run 0,16.248841525671576,16.248841525671576,16.248841525671576,16.248841525671576,16.248841525671576,16.248841525671576,16.248841525671576,16.248841525671576,16.248841525671576,16.248841525671576,16.248841525671576,15.55061231091304,15.55061231091304,12.713996942288102,12.713996942288102,12.713996942288102,12.671620618424791,10.888270611410968,10.888270611410968,10.888270611410968
Run 1,16.248841525671576,16.248841525671576,16.248841525671576,16.248841525671576,16.248841525671576,16.248841525671576,16.248841525671576,16.248841525671576,16.248841525671576,16.248841525671576,16.248841525671576,16.248841525671576,16.248841525671576,16.248841525671576,16.248841525671576,16.248841525671576,16.248841525671576,16.248841525671576,16.248841525671576,16.248841525671576
Run 2,16.248841525671576,16.248841525671576,16.248841525671576,16.248841525671576,16.248841525671576,16.248841525671576,16.248841525671576,16.248841525671576,16.248841525671576,16.248841525671576,16.248841525671576,16.248841525671576,16.248841525671576,16.248841525671576,16.248841525671576,16.248841525671576,16.248841525671576,16.248841525671576,16.248841525671576,16.248841525671576
Run 3,16.248841525671576,16.248841525671576,16.248841525671576,16.248841525671576,16.248841525671576,16.248841525671576,16.142928188573453,16.142928188573453,16.142928188573453,16.142928188573453,16.142928188573453,16.142928188573453,16.142928188573453,16.142928188573453,16.142928188573453,16.142928188573453,16.142928188573453,16.142928188573453,16.142928188573453,16.142928188573453
Run 4,16.248841525671576,16.248841525671576,15.254343461486794,15.254343461486794,15.254343461486794,15.254343461486794,15.254343461486794,15.254343461486794,15.254343461486794,15.254343461486794,15.254343461486794,15.254343461486794,15.254343461486794,15.254343461486794,12.947325468244268,12.947325468244268,8.5622644486751,8.5622644486751,8.5622644486751,8.5622644486751
