,Trial 1,Trial 2,Trial 3,Trial 4,Trial 5,Trial 6,Trial 7,Trial 8,Trial 9,Trial 10,Trial 11,Trial 12,Trial 13,Trial 14,Trial 15,Trial 16,Trial 17,Trial 18,Trial 19,Trial 20
Run 0,16.248841525671576,16.248841525671576,16.248841525671576,16.248841525671576,16.248841525671576,16.248841525671576,16.248841525671576,16.248841525671576,16.248841525671576,16.248841525671576,16.248841525671576,16.248841525671576,16.248841525671576,16.248841525671576,16.248841525671576,16.248841525671576,16.248841525671576,16.248841525671576,16.248841525671576,16.248841525671576
Run 1,16.248841525671576,16.248841525671576,16.248841525671576,16.248841525671576,16.248841525671576,16.248841525671576,16.248841525671576,16.248841525671576,16.248841525671576,16.248841525671576,16.248841525671576,16.248841525671576,16.248841525671576,16.248841525671576,16.248841525671576,16.248841525671576,16.248841525671576,16.248841525671576,16.248841525671576,16.248841525671576
Run 2,16.248841525671576,16.248841525671576,14.172790009161872,14.172790009161872,14.172790009161872,14.172790009161872,14.172790009161872,14.172790009161872,14.172790009161872,14.172790009161872,14.172790009161872,14.172790009161872,14.172790009161872,14.172790009161872,14.172790009161872,14.172790009161872,14.172790009161872,14.172790009161872,14.172790009161872,14.172790009161872
Run 3,16.248841525671576,16.248841525671576,16.248841525671576,16.248841525671576,16.248841525671576,16.248841525671576,16.099462177402554,16.099462177402554,16.099462177402554,16.099462177402554,16.099462177402554,16.099462177402554,16.099462177402554,16.099462177402554,16.099462177402554,16.099462177402554,16.099462177402554,16.099462177402554,16.099462177402554,16.099462177402554
Run 4,16.248841525671576,16.248841525671576,16.248841525671576,16.248841525671576,16.248841525671576,16.248841525671576,16.248841525671576,16.248841525671576,16.248841525671576,16.248841525671576,16.248841525671576,14.52973718451368,14.52973718451368,14.52973718451368,14.52973718451368,14.52973718451368,8.305561805286313,8.305561805286313,8.305561805286313,8.305561805286313
