Points Evaluated,Binding ddG,Folding ddG
89,0.21216263954900114,14.53742039442421
48,0.7024012956904268,24.8012961357684
43,-0.09761569816639702,15.239187204104647
39,0.19481068237631743,17.397928814222475
68,-0.15426853574046528,25.656029169748376
119,-0.1663519396195466,15.470755322672282
115,-0.24340011408355616,17.21682904245482
116,-0.050159343953185144,12.618359432760675
1,2.1812652039374774,19.99959823282592
104,-0.21139205860995006,9.462597481814843
117,-0.18473985577239066,18.295789632741176
41,-0.020018260989487596,20.50105484349124
118,-0.21905370795694462,18.34651019829905
44,-0.14292691091056514,19.07783777066918
107,-0.16605164399895023,15.446555794708214
114,-0.22320808202939935,12.984913008976521
75,-0.07691738676398276,13.389272062213626
88,-0.2527410372656711,15.411440489911191
25,-0.13613822243125562,15.257433526250702
110,-0.06664507989146762,19.061902457264416
13,-0.1571113155604871,17.843970313938907
76,-0.08136610680245018,16.753565592389183
87,-0.1542845810879589,11.314098297776688
5,-0.1916712327387618,14.822794744460559
14,-0.26633250522461127,13.745673647067793
